Id,Name,Email,Age
1,John Doe,john.doe@example.com,31
2,Jane Smith,jane.smith@example.com,25
3,Bob Johnson,bob.johnson@example.com,40
4,Alice Williams,alice.williams@example.com,28
5,Michael Brown,michael.brown@example.com,35
6,Emily Davis,emily.davis@example.com,22
7,Daniel Miller,daniel.miller@example.com,44
8,Olivia Wilson,olivia.wilson@example.com,29
9,Matthew Moore,matthew.moore@example.com,37
10,Sophia Taylor,sophia.taylor@example.com,26
11,David Anderson,david.anderson@example.com,52
12,Ava Thomas,ava.thomas@example.com,33
13,Christopher Jackson,christopher.jackson@example.com,41
14,Isabella White,isabella.white@example.com,24
15,Andrew Harris,andrew.harris@example.com,30
16,Mia Martin,mia.martin@example.com,27
17,Joseph Thompson,joseph.thompson@example.com,48
18,Charlotte Garcia,charlotte.garcia@example.com,36
19,James Martinez,james.martinez@example.com,39
20,Amelia Robinson,amelia.robinson@example.com,21
21,Robert Clark,robert.clark@example.com,45
22,Harper Rodriguez,harper.rodriguez@example.com,32
23,William Lewis,william.lewis@example.com,58
24,Evelyn Lee,evelyn.lee@example.com,34
25,Richard Walker,richard.walker@example.com,47
26,Abigail Hall,abigail.hall@example.com,23
27,Thomas Allen,thomas.allen@example.com,38
28,Ella Young,ella.young@example.com,31
29,Charles Hernandez,charles.hernandez@example.com,55
30,Scarlett King,scarlett.king@example.com,28
31,Christopher Wright,christopher.wright@example.com,42
32,Grace Lopez,grace.lopez@example.com,26
33,Daniel Hill,daniel.hill@example.com,49
34,Chloe Scott,chloe.scott@example.com,25
35,Matthew Green,matthew.green@example.com,36
36,Victoria Adams,victoria.adams@example.com,43
37,Anthony Baker,anthony.baker@example.com,33
38,Riley Gonzalez,riley.gonzalez@example.com,29
39,Mark Nelson,mark.nelson@example.com,61
40,Lily Carter,lily.carter@example.com,27
41,Donald Mitchell,donald.mitchell@example.com,54
42,Layla Perez,layla.perez@example.com,22
43,Steven Roberts,steven.roberts@example.com,46
44,Aria Turner,aria.turner@example.com,35
45,Paul Phillips,paul.phillips@example.com,57
46,Zoey Campbell,zoey.campbell@example.com,30
47,Joshua Parker,joshua.parker@example.com,40
48,Nora Evans,nora.evans@example.com,24
49,Kevin Edwards,kevin.edwards@example.com,39
50,Hazel Collins,hazel.collins@example.com,32
51,Brian Stewart,brian.stewart@example.com,51
52,Luna Sanchez,luna.sanchez@example.com,28
53,George Morris,george.morris@example.com,63
54,Ellie Rogers,ellie.rogers@example.com,26
55,Edward Reed,edward.reed@example.com,44
56,Penelope Cook,penelope.cook@example.com,37
57,Ronald Morgan,ronald.morgan@example.com,59
58,Stella Bell,stella.bell@example.com,23
59,Timothy Murphy,timothy.murphy@example.com,34
60,Natalie Bailey,natalie.bailey@example.com,41
61,Jason Rivera,jason.rivera@example.com,29
62,Leah Cooper,leah.cooper@example.com,33
63,Jeffrey Richardson,jeffrey.richardson@example.com,47
64,Aurora Cox,aurora.cox@example.com,25
65,Ryan Howard,ryan.howard@example.com,38
66,Savannah Ward,savannah.ward@example.com,31
67,Jacob Torres,jacob.torres@example.com,43
68,Audrey Peterson,audrey.peterson@example.com,27
69,Gary Gray,gary.gray@example.com,56
70,Claire Ramirez,claire.ramirez@example.com,36
71,Nicholas James,nicholas.james@example.com,45
72,Lucy Watson,lucy.watson@example.com,24
73,Eric Brooks,eric.brooks@example.com,52
74,Anna Kelly,anna.kelly@example.com,39
75,Stephen Sanders,stephen.sanders@example.com,48
76,Caroline Price,caroline.price@example.com,30
77,Jonathan Bennett,jonathan.bennett@example.com,35
78,Genesis Wood,genesis.wood@example.com,22
79,Larry Barnes,larry.barnes@example.com,60
80,Nevaeh Ross,nevaeh.ross@example.com,28
81,Justin Henderson,justin.henderson@example.com,42
82,Maya Coleman,maya.coleman@example.com,34
83,Scott Jenkins,scott.jenkins@example.com,50
84,Sarah Perry,sarah.perry@example.com,26
85,Brandon Powell,brandon.powell@example.com,37
86,Elena Long,elena.long@example.com,29
87,Benjamin Patterson,benjamin.patterson@example.com,46
88,Naomi Hughes,naomi.hughes@example.com,33
89,Samuel Flores,samuel.flores@example.com,55
90,Elise Washington,elise.washington@example.com,21
91,Gregory Butler,gregory.butler@example.com,40
92,Valentina Simmons,valentina.simmons@example.com,27
93,Alexander Foster,alexander.foster@example.com,31
94,Madeline Gonzales,madeline.gonzales@example.com,23
95,Patrick Bryant,patrick.bryant@example.com,49
96,Willow Alexander,willow.alexander@example.com,36
97,Frank Russell,frank.russell@example.com,58
98,Isla Griffin,isla.griffin@example.com,25
99,Raymond Diaz,raymond.diaz@example.com,44
100,Melanie Hayes,melanie.hayes@example.com,32